load2	votes_cast_per_min	1509.0417
load2	votes_acq_per_s_avg	25.93830128205128
load2	txgen_per_s	35.21131944444445
load2	relay_egress_total_mib	9.5410
load2	relay_egress_peak_mib	3.3651
load2	relay_ingress_total_mib	3.0189
load2	relay_ingress_peak_mib	0.8760
load2	relay_cpu_mean_cores	0.4883918981481481
load2	relay_cpu_peak_cores	0.9464166666666667
load2	eb_announce_per_s	1.0075925925925926
load2	eb_late_per_s	0.04021604983996893
load2	eb_late_pct	3.8587611690869212
load2	declines_per_1k_votes	3.434105290648913
load2	ebs_certified_per_h	6
load2	ebs_forged_per_h	21
load2	mux_remote_per_h	1233
load2	mux_loopback_per_h	503
load2	exceeded_tl_per_h	601
base_05	votes_cast_per_min	25.6042
base_05	votes_acq_per_s_avg	1.9040384615384616
base_05	txgen_per_s	46.16930555555555
base_05	relay_egress_total_mib	9.6323
base_05	relay_egress_peak_mib	3.2878
base_05	relay_ingress_total_mib	2.5926
base_05	relay_ingress_peak_mib	0.6016
base_05	relay_cpu_mean_cores	0.31318425612673007
base_05	relay_cpu_peak_cores	0.7888333333333333
base_05	eb_announce_per_s	0.9613271604938272
base_05	eb_late_per_s	0
base_05	eb_late_pct	0
base_05	declines_per_1k_votes	137.0990875327248
base_05	ebs_certified_per_h	7
base_05	ebs_forged_per_h	15
base_05	mux_remote_per_h	1107
base_05	mux_loopback_per_h	526
base_05	exceeded_tl_per_h	421
base_07	votes_cast_per_min	27.0167
base_07	votes_acq_per_s_avg	1.9402083422962695
base_07	txgen_per_s	44.00826388888889
base_07	relay_egress_total_mib	12.0249
base_07	relay_egress_peak_mib	2.8514
base_07	relay_ingress_total_mib	2.8784
base_07	relay_ingress_peak_mib	0.6589
base_07	relay_cpu_mean_cores	0.3579781393683213
base_07	relay_cpu_peak_cores	0.7783333333333333
base_07	eb_announce_per_s	1.037253085219911
base_07	eb_late_per_s	0.015895062071332497
base_07	eb_late_pct	1.3309942615334873
base_07	declines_per_1k_votes	134.3019182575935
base_07	ebs_certified_per_h	10
base_07	ebs_forged_per_h	27
base_07	mux_remote_per_h	1166
base_07	mux_loopback_per_h	485
base_07	exceeded_tl_per_h	468
base_09	votes_cast_per_min	28.3125
base_09	votes_acq_per_s_avg	1.9856009441549383
base_09	txgen_per_s	46.38376661431858
base_09	relay_egress_total_mib	14.1594
base_09	relay_egress_peak_mib	3.3292
base_09	relay_ingress_total_mib	3.1649
base_09	relay_ingress_peak_mib	0.7808
base_09	relay_cpu_mean_cores	0.4004815586419753
base_09	relay_cpu_peak_cores	0.7137916666666666
base_09	eb_announce_per_s	1.1062036963911765
base_09	eb_late_per_s	0.0029012345679012346
base_09	eb_late_pct	0.2858507108212277
base_09	declines_per_1k_votes	162.68629885386437
base_09	ebs_certified_per_h	10
base_09	ebs_forged_per_h	30
base_09	mux_remote_per_h	1199
base_09	mux_loopback_per_h	506
base_09	exceeded_tl_per_h	418
base_11	votes_cast_per_min	24.4500
base_11	votes_acq_per_s_avg	1.6954113247863247
base_11	txgen_per_s	46.434375
base_11	relay_egress_total_mib	14.1275
base_11	relay_egress_peak_mib	8.4779
base_11	relay_ingress_total_mib	3.0992
base_11	relay_ingress_peak_mib	0.6292
base_11	relay_cpu_mean_cores	0.3974625771604938
base_11	relay_cpu_peak_cores	0.9265000000000001
base_11	eb_announce_per_s	0.8905864197530865
base_11	eb_late_per_s	0.0030555555555555557
base_11	eb_late_pct	0.34538014249760135
base_11	declines_per_1k_votes	106.32130222954257
base_11	ebs_certified_per_h	9
base_11	ebs_forged_per_h	20
base_11	mux_remote_per_h	1227
base_11	mux_loopback_per_h	492
base_11	exceeded_tl_per_h	473
base_13	votes_cast_per_min	24.4500
base_13	votes_acq_per_s_avg	1.9066454479819794
base_13	txgen_per_s	42.337361111111115
base_13	relay_egress_total_mib	10.5528
base_13	relay_egress_peak_mib	3.7629
base_13	relay_ingress_total_mib	2.4433
base_13	relay_ingress_peak_mib	0.6945
base_13	relay_cpu_mean_cores	0.3145865559227887
base_13	relay_cpu_peak_cores	0.7070833333333333
base_13	eb_announce_per_s	0.8699189974856111
base_13	eb_late_per_s	0.008383307568342152
base_13	eb_late_pct	1.1318922626146548
base_13	declines_per_1k_votes	87.0548896170854
base_13	ebs_certified_per_h	7
base_13	ebs_forged_per_h	20
base_13	mux_remote_per_h	1171
base_13	mux_loopback_per_h	495
base_13	exceeded_tl_per_h	470
load1	votes_cast_per_min	1654.1052
load1	votes_acq_per_s_avg	28.630879157846895
load1	txgen_per_s	32.72723394343219
load1	relay_egress_total_mib	10.7527
load1	relay_egress_peak_mib	3.3339
load1	relay_ingress_total_mib	3.0893
load1	relay_ingress_peak_mib	0.7511
load1	relay_cpu_mean_cores	0.5250382721234568
load1	relay_cpu_peak_cores	1.0470416666666666
load1	eb_announce_per_s	1.0476543167591759
load1	eb_late_per_s	0.014471133927469135
load1	eb_late_pct	1.3239551063125752
load1	declines_per_1k_votes	2.994778979122994
load1	ebs_certified_per_h	5
load1	ebs_forged_per_h	19
load1	mux_remote_per_h	1482
load1	mux_loopback_per_h	525
load1	exceeded_tl_per_h	869
load3	votes_cast_per_min	1426.3667
load3	votes_acq_per_s_avg	24.12959377034923
load3	txgen_per_s	39.73361111111112
load3	relay_egress_total_mib	11.4236
load3	relay_egress_peak_mib	2.6703
load3	relay_ingress_total_mib	3.3923
load3	relay_ingress_peak_mib	0.8341
load3	relay_cpu_mean_cores	0.5501687391802831
load3	relay_cpu_peak_cores	1.0965416666666667
load3	eb_announce_per_s	1.0214197573168093
load3	eb_late_per_s	0.047438271033384355
load3	eb_late_pct	4.051742199585963
load3	declines_per_1k_votes	5.641473780020904
load3	ebs_certified_per_h	4
load3	ebs_forged_per_h	25
load3	mux_remote_per_h	2977
load3	mux_loopback_per_h	478
load3	exceeded_tl_per_h	569
